scene,bounce,alive
cornell_open,0,640000
cornell_open,1,630753
cornell_open,2,537909
cornell_open,3,448967
cornell_open,4,370358
cornell_open,5,304561
cornell_open,6,249868
cornell_open,7,204809
cornell_open,8,167776
cornell_open,9,137438
cornell_open,10,112553
cornell_open,11,92182
cornell_open,12,75475
cornell_open,13,61791
cornell_open,14,50612
cornell_open,15,41424
cornell_closed,0,640000
cornell_closed,1,630753
cornell_closed,2,620433
cornell_closed,3,609943
cornell_closed,4,599627
cornell_closed,5,589447
cornell_closed,6,579446
cornell_closed,7,569610
cornell_closed,8,559940
cornell_closed,9,550443
cornell_closed,10,541092
cornell_closed,11,531929
cornell_closed,12,522897
cornell_closed,13,514014
cornell_closed,14,505274
cornell_closed,15,496687
