spp,mode,rmse_raw,rmse_denoised,denoise_ms,display_rmse_raw,display_rmse_denoised
1,color only,1.1955164670944214,0.1607159972190857,9.36,0.2707618176937103,0.05858521908521652
1,albedo + normal,1.1955164670944214,0.16292668879032135,11.29,0.2707618176937103,0.05238565802574158
1,"albedo + normal, prefiltered",1.1955164670944214,0.14158080518245697,64.76,0.2707618176937103,0.05016953498125076
4,color only,0.45208868384361267,0.13878384232521057,9.46,0.16155500710010529,0.04474106803536415
4,albedo + normal,0.45208868384361267,0.13499943912029266,9.52,0.16155500710010529,0.04106926545500755
4,"albedo + normal, prefiltered",0.45208868384361267,0.12898558378219604,59.32,0.16155500710010529,0.03964199125766754
16,color only,0.2124847024679184,0.09938795119524002,9.35,0.08420503884553909,0.03374195471405983
16,albedo + normal,0.2124847024679184,0.11047433316707611,9.59,0.08420503884553909,0.032190386205911636
16,"albedo + normal, prefiltered",0.2124847024679184,0.10028791427612305,55.71,0.08420503884553909,0.03156748414039612
64,color only,0.10672911256551743,0.0707467719912529,9.59,0.0513128899037838,0.025976594537496567
64,albedo + normal,0.10672911256551743,0.06557107716798782,9.8,0.0513128899037838,0.025598058477044106
64,"albedo + normal, prefiltered",0.10672911256551743,0.06641992181539536,55.91,0.0513128899037838,0.024872399866580963
256,color only,0.053356632590293884,0.04471217095851898,9.38,0.03304402157664299,0.020577892661094666
256,albedo + normal,0.053356632590293884,0.04511624574661255,9.43,0.03304402157664299,0.020544659346342087
256,"albedo + normal, prefiltered",0.053356632590293884,0.04320766031742096,55.77,0.03304402157664299,0.019772646948695183
