scene,rr,bounce,alive
cornell_open,0,0,640000
cornell_open,0,1,640000
cornell_open,0,2,640000
cornell_open,0,3,640000
cornell_open,0,4,370358
cornell_open,0,5,370358
cornell_open,0,6,370358
cornell_open,0,7,204809
cornell_open,0,8,204809
cornell_open,0,9,204809
cornell_open,0,10,112553
cornell_open,0,11,112553
cornell_open,0,12,112553
cornell_open,0,13,61791
cornell_open,0,14,61791
cornell_open,0,15,61791
cornell_open,1,0,640000
cornell_open,1,1,640000
cornell_open,1,2,640000
cornell_open,1,3,336101
cornell_open,1,4,336101
cornell_open,1,5,172546
cornell_open,1,6,172546
cornell_open,1,7,86160
cornell_open,1,8,86160
cornell_open,1,9,42431
cornell_open,1,10,42431
cornell_open,1,11,20734
cornell_open,1,12,20734
cornell_open,1,13,10072
cornell_open,1,14,10072
cornell_open,1,15,4879
cornell_closed,0,0,640000
cornell_closed,0,1,640000
cornell_closed,0,2,640000
cornell_closed,0,3,640000
cornell_closed,0,4,640000
cornell_closed,0,5,640000
cornell_closed,0,6,640000
cornell_closed,0,7,640000
cornell_closed,0,8,640000
cornell_closed,0,9,640000
cornell_closed,0,10,640000
cornell_closed,0,11,640000
cornell_closed,0,12,640000
cornell_closed,0,13,640000
cornell_closed,0,14,640000
cornell_closed,0,15,640000
cornell_closed,1,0,640000
cornell_closed,1,1,640000
cornell_closed,1,2,640000
cornell_closed,1,3,640000
cornell_closed,1,4,640000
cornell_closed,1,5,355093
cornell_closed,1,6,355093
cornell_closed,1,7,355093
cornell_closed,1,8,355093
cornell_closed,1,9,191731
cornell_closed,1,10,191731
cornell_closed,1,11,191731
cornell_closed,1,12,191731
cornell_closed,1,13,100271
cornell_closed,1,14,100271
cornell_closed,1,15,100271
