scene,sampler,spp,rmse
cornell,random,1,0.29426929354667664
cornell,random,4,0.1474957913160324
cornell,random,16,0.07239574939012527
cornell,random,64,0.03572383522987366
cornell,random,256,0.018117666244506836
cornell,random,1024,0.008951358497142792
cornell,Sobol,1,0.30565422773361206
cornell,Sobol,4,0.13719689846038818
cornell,Sobol,16,0.06479531526565552
cornell,Sobol,64,0.031111937016248703
cornell,Sobol,256,0.0150830103084445
cornell,Sobol,1024,0.0075066909193992615
textures,random,1,0.13824336230754852
textures,random,4,0.06664957851171494
textures,random,16,0.03456892445683479
textures,random,64,0.017756469547748566
textures,random,256,0.008628656156361103
textures,random,1024,0.00421254662796855
textures,Sobol,1,0.14031526446342468
textures,Sobol,4,0.056686367839574814
textures,Sobol,16,0.024260036647319794
textures,Sobol,64,0.010587947443127632
textures,Sobol,256,0.00494101969525218
textures,Sobol,1024,0.0024593817070126534
veach_mis,random,1,0.8340581655502319
veach_mis,random,4,0.3303469121456146
veach_mis,random,16,0.2036105990409851
veach_mis,random,64,0.08643214404582977
veach_mis,random,256,0.040101125836372375
veach_mis,random,1024,0.020675549283623695
veach_mis,Sobol,1,0.815893828868866
veach_mis,Sobol,4,0.24331636726856232
veach_mis,Sobol,16,0.07536733150482178
veach_mis,Sobol,64,0.039204854518175125
veach_mis,Sobol,256,0.01579536870121956
veach_mis,Sobol,1024,0.009122534655034542
