scene,mode,ms,Generate,Intersect,Sort,Shade,Compact,Shadow
cornell,megakernel,11.888,1.301,2.076,0.0,5.413,1.904,1.364
cornell,thrust sort,97.78,1.182,2.007,88.617,5.418,2.29,1.488
cornell,CUB sort + gather,41.704,1.188,2.026,29.386,5.42,2.304,1.491
cornell,"CUB sort, indirect",15.95,1.27,2.097,1.363,8.037,1.875,1.358
cornell,wavefront queues,15.174,1.246,2.086,2.563,6.411,1.732,1.355
materials,megakernel,11.981,1.286,2.245,0.0,5.525,1.885,1.267
materials,thrust sort,90.886,1.189,2.038,80.948,5.146,2.22,1.305
materials,CUB sort + gather,38.095,1.184,2.049,26.686,5.151,2.121,1.327
materials,"CUB sort, indirect",15.442,1.25,2.168,1.469,7.544,1.852,1.273
materials,wavefront queues,15.789,1.216,2.15,2.528,7.237,1.731,1.299
textures,megakernel,9.983,0.987,1.233,0.0,5.931,1.154,0.725
textures,thrust sort,54.381,0.971,1.229,47.342,3.666,1.308,0.732
textures,CUB sort + gather,22.668,0.974,1.248,14.68,3.773,1.486,0.729
textures,"CUB sort, indirect",8.893,0.994,1.254,0.791,4.236,1.037,0.717
textures,wavefront queues,9.643,0.975,1.243,1.571,4.458,1.068,0.741
cover,megakernel,21.384,0.963,10.34,0.0,5.126,2.083,3.414
cover,thrust sort,55.673,0.956,10.022,38.0,4.803,2.052,3.703
cover,CUB sort + gather,30.635,0.957,10.028,9.904,4.779,2.202,3.71
cover,"CUB sort, indirect",22.084,0.952,10.315,0.762,5.124,1.717,3.411
cover,wavefront queues,23.217,0.955,10.287,1.652,5.967,1.737,3.428
